title,youtubeId,slug
Stephan Delbos - Activating Product Knowledge: Where Global Education Meets Documentation,gTwKhcKxvRA,stephan-delbos-activating-product-knowledge-where-global-education-meets-documentation
Fabrizio Ferri-Benedetti - Failing Well: A Practical Guide to Growth for Technical Writers,tbZXQLKyh78,fabrizio-ferri-benedetti-failing-well-a-practical-guide-to-growth-for-technical-writers
Write the Docs Berlin 2025 - Lightning Talks Day 1,lgBbeUFoSic,write-the-docs-berlin-2025-lightning-talks-day-1
"Maximilian Rosin - “Gyarados has pretty teeth, dear”: Theatre, Pokémon, and software docs",gCXEs2flOr8,maximilian-rosin-gyarados-has-pretty-teeth-dear-theatre-pok-mon-and-software-docs
Powen Shiah - Documenting Digital Infrastructure: Explaining Complex Open Source Tech for Everyone,aq_Jr6UtP2Q,powen-shiah-documenting-digital-infrastructure-explaining-complex-open-source-tech-for-everyone
"Jennifer Rondeau - What's past is prologue: Write the Docs, communities, and organizing techcomm",ZYUcXwASu_I,jennifer-rondeau-what-s-past-is-prologue-write-the-docs-communities-and-organizing-techcomm
Ruth Fuchss - The right tool for the job,X1gvtMsA2Dc,ruth-fuchss-the-right-tool-for-the-job
Kat Stoica Ostenfeld - So you've become a Docs Lead. Now what?,WOB6ZHA8zMo,kat-stoica-ostenfeld-so-you-ve-become-a-docs-lead-now-what
"Ian Cowley - If you build it, they will come: Our journey to unified (and discoverable) docs",Vv4zwy8V_3o,ian-cowley-if-you-build-it-they-will-come-our-journey-to-unified-and-discoverable-docs
Tiffany Hrabusa - A beautiful arrangement: Gaining experience & giving back through open source docs,SqryGnlzTDs,tiffany-hrabusa-a-beautiful-arrangement-gaining-experience-giving-back-through-open-source-docs
Diana Breza - Rethinking your how-tos: From instructions to solving user problems,STef5O0nd2o,diana-breza-rethinking-your-how-tos-from-instructions-to-solving-user-problems
Write the Docs Berlin 2025 - Lightning Talks Day 2,H9UsRyvuONA,write-the-docs-berlin-2025-lightning-talks-day-2
Val Grimm - Sovereign docs,H7JK-dEQx-Q,val-grimm-sovereign-docs
Michiel Mulders - Dev Experience in Technical Writing: 15 Tips to Boost Developer Satisfaction,54neDVXwTK8,michiel-mulders-dev-experience-in-technical-writing-15-tips-to-boost-developer-satisfaction
Dimple Poojary - Automating Documentation Maintenance Workflow Process for Agile Teams,156egDk_u38,dimple-poojary-automating-documentation-maintenance-workflow-process-for-agile-teams
Elise Davis - Scaling a unicorn: how to mature your docs program and support a changing business,tIj1vUX_eSM,elise-davis-scaling-a-unicorn-how-to-mature-your-docs-program-and-support-a-changing-business
Stephanie Fuller - Writing the Shipwreck,rQI0w57iK-4,stephanie-fuller-writing-the-shipwreck
Write the Docs Portland 2025 - Lightning Talks Day 2,r-wQUczl7qg,write-the-docs-portland-2025-lightning-talks-day-2
Holly Mickelson - Regulate This! Writing for the Medical Device Industry,oUITHeYpS0A,holly-mickelson-regulate-this-writing-for-the-medical-device-industry
Write the Docs Portland 2025 - Lightning Talks Day 1,gWLHKnbdkBA,write-the-docs-portland-2025-lightning-talks-day-1
Heather Zoppetti - Knitting Together a Technical Writing Career,fVuCefv-J0I,heather-zoppetti-knitting-together-a-technical-writing-career
Ravind Kumar - Embracing the Kraken : How to build a docs-toolchain monster and why it’s OK,etEZhIjoumc,ravind-kumar-embracing-the-kraken-how-to-build-a-docs-toolchain-monster-and-why-it-s-ok
Janine Chan - Seven habits of increasingly technical technical writers,SkpXpvTk6iU,janine-chan-seven-habits-of-increasingly-technical-technical-writers
Jodie Landes - Unifying Documentation: A Tale of Two Security Giants,PcyVsZC30Ig,jodie-landes-unifying-documentation-a-tale-of-two-security-giants
"Colin Loretz - Open Docs, Open Collaboration: Building Better Documentation with Community PRs",MFlGwC7DZqc,colin-loretz-open-docs-open-collaboration-building-better-documentation-with-community-prs
Alex Garnett - Docs AI Tooling is Better (and Better for Us) than You Think,6p6LttjaSNM,alex-garnett-docs-ai-tooling-is-better-and-better-for-us-than-you-think
Yanjie Niu - The Power of Two: How Support and Docs Teams Transform Technical Content Quality,4K6Bz9LM6Uc,yanjie-niu-the-power-of-two-how-support-and-docs-teams-transform-technical-content-quality
Manny Silva - Docs as Tests: A Strategy for Resilient Docs,3Q1WtyhO_sQ,manny-silva-docs-as-tests-a-strategy-for-resilient-docs
Leah Catania - Using Competitive Analysis to Your Advantage,013FDRGOYoU,leah-catania-using-competitive-analysis-to-your-advantage
Rachel Rigdon - Quest for the Holy Grail: Turning User Feedback into Meaningful Change,-1n2DEkN6Mk,rachel-rigdon-quest-for-the-holy-grail-turning-user-feedback-into-meaningful-change
LT James Baross,t1IoTfVNhrI,lt-james-baross
5 Susan Armstrong - What Is a Template and How Can I Create One,q_oMvFKqym4,5-susan-armstrong-what-is-a-template-and-how-can-i-create-one
LT Dennis Dawson,puCMZvdl3vw,lt-dennis-dawson
"4 Eric Zrinsky - Clicks Without Limits: Content Design for Everyone, Everywhere",af1zgx1RXHs,4-eric-zrinsky-clicks-without-limits-content-design-for-everyone-everywhere
13 Conference closing,_BjYdkX3rm0,13-conference-closing
7 Sarah Sanders - GraphQL Docs: Beyond the Schema,V6fs9yQuUN4,7-sarah-sanders-graphql-docs-beyond-the-schema
LT Erin White,UCe1nmdWpNQ,lt-erin-white
3 Manny Silva - RAGs to Riches: How Our Content Affects Retrieval Augmented Generation,THarEiHinmc,3-manny-silva-rags-to-riches-how-our-content-affects-retrieval-augmented-generation
LT Maggie H,Re_SXklw9PI,lt-maggie-h
2 Lorna Mitchell - DevOps Your Docs,Puzl0WKsFSA,2-lorna-mitchell-devops-your-docs
6 Diana Breza and Lena Larionova - Unblocking your organization with diagrams-as-code,PUwg-rWeeCg,6-diana-breza-and-lena-larionova-unblocking-your-organization-with-diagrams-as-code
LT Ariel Kaiser,JXLV74gurrk,lt-ariel-kaiser
9 Gideon Behrensmeyer - How and Why Technical Writers should Lead Onboarding,bw9dAtSu4u0,9-gideon-behrensmeyer-how-and-why-technical-writers-should-lead-onboarding
LT Cynthia Harvey,2QMw3W0rpcA,lt-cynthia-harvey
LT Kenzie Woodbridge,IQ7toJOPSE0,lt-kenzie-woodbridge
11 Kruno Golubić - Welcome to the World of Technical Writing: A Guide for Newcomers,IEKGdBI_nhg,11-kruno-golubi-welcome-to-the-world-of-technical-writing-a-guide-for-newcomers
10 Gayathri Krishnaswamy and Annette Williams - Navigating the Maze,I1dFdets0GY,10-gayathri-krishnaswamy-and-annette-williams-navigating-the-maze
8 Ali Dowair - What's in a Word? Lessons from Localizing Kubernetes Documentation to Arabic,HY3LZOQqdig,8-ali-dowair-what-s-in-a-word-lessons-from-localizing-kubernetes-documentation-to-arabic
LT Abi Sutherland,DewfY-ult8M,lt-abi-sutherland
LT Arnold,CrfFKqNEfhQ,lt-arnold
12 Chloe Guttmann - From morphemes to manuscripts: how linguistics can make you a better writer,94Ztf5u7FPs,12-chloe-guttmann-from-morphemes-to-manuscripts-how-linguistics-can-make-you-a-better-writer
LT Erich Studer,8CpAJf-PKn4,lt-erich-studer
1 Conference opening,FzsMwl15z0E,1-conference-opening
Nellie McKesson - Make It Make Semantic Sense: Semantic Strategies for All of Us,vQINsqqVmfQ,nellie-mckesson-make-it-make-semantic-sense-semantic-strategies-for-all-of-us
Lightning Talks - Day 1,aAZcuK8W714,lightning-talks-day-1
Sofiya Minnath - A Strategic Documentation Template for Startups,G16QwwJY4Vs,sofiya-minnath-a-strategic-documentation-template-for-startups
Alistair Gray - Sociological considerations in designing an internal documentation platform,DxbXKLl-URo,alistair-gray-sociological-considerations-in-designing-an-internal-documentation-platform
Lightning Talks - Day 2,CDIKljQtuT0,lightning-talks-day-2
"Shawn Aldridge - Design Reviews, capturing context at speed",7YWmjFEpEWE,shawn-aldridge-design-reviews-capturing-context-at-speed
Robert Delwood - The Four Stages of OpenAPI,6v5mHxgZGvk,robert-delwood-the-four-stages-of-openapi
Steven Hicks - Misadventures in SEO: How to self-sabotage your documentation,pQJBFn4tomA,steven-hicks-misadventures-in-seo-how-to-self-sabotage-your-documentation
Calvin Fung - Beyond Words: Strategies for Leveling Up Your Tech Writing Career,n6rBa0eXlE8,calvin-fung-beyond-words-strategies-for-leveling-up-your-tech-writing-career
"Taylor Krusen - Code in Content: Using Dynamic, Interactive Elements in your Technical Writing",jsv8eYNRCKw,taylor-krusen-code-in-content-using-dynamic-interactive-elements-in-your-technical-writing
Mario Morales - Applying Engineering Principles to Technical Writing,cOg9C_-CNOc,mario-morales-applying-engineering-principles-to-technical-writing
Dennis Dawson - Graphic Relief: Beyond Flowcharts and Screenshots,Ss43qc7hdW8,dennis-dawson-graphic-relief-beyond-flowcharts-and-screenshots
Candy Morton - Case study: How we delivered a seamless in-product help experience,QOs2aUYqQOM,candy-morton-case-study-how-we-delivered-a-seamless-in-product-help-experience
Michelle Irvine - Quantifying the Impact of Documentation: Findings from DORA Research,90gaMmYseFY,michelle-irvine-quantifying-the-impact-of-documentation-findings-from-dora-research
"Tom Edmonds - ""The vibes were off"": Adapting Agile story points estimation to technical writing",6MvwJ1u01nE,tom-edmonds-the-vibes-were-off-adapting-agile-story-points-estimation-to-technical-writing
[Lightning Talk] Susan Armstrong - Writing a Best Practices Guide,uIygfUrsmNY,lightning-talk-susan-armstrong-writing-a-best-practices-guide
"Matt Dodson - Graphs, not trees: A ground-up approach to fixing a docs site.",m5OxGst2sks,matt-dodson-graphs-not-trees-a-ground-up-approach-to-fixing-a-docs-site
Alexander Schwartz and Fabrice Flore-Thebault - Creating a content pipeline for Eclipse Che,XQpRqIUghQ0,alexander-schwartz-and-fabrice-flore-thebault-creating-a-content-pipeline-for-eclipse-che
Chris Meyns - AI ethics for tech writers,SDzP6Xs9WoQ,chris-meyns-ai-ethics-for-tech-writers
Kristine Sihto - Papercuts: Stop the Bleed,QfQVuLDYhq0,kristine-sihto-papercuts-stop-the-bleed
Write the Docs Team - Write the Docs Atlantic 2023 conference closing,IeeV8Zc5D2A,write-the-docs-team-write-the-docs-atlantic-2023-conference-closing
Chris Noonan and John Hannagan - Metric driven documentation,BRZqQ6AjPc0,chris-noonan-and-john-hannagan-metric-driven-documentation
Ian Cowley - One glossary to rule them all: terminology management at scale,3YPisLxVy2I,ian-cowley-one-glossary-to-rule-them-all-terminology-management-at-scale
[Lightning Talk] Kenzie Woodbridge - Valuing You (Accurately and Completely),tVjgewoZdAc,lightning-talk-kenzie-woodbridge-valuing-you-accurately-and-completely
"Stephan Delbos - Drop the Docs, Get Back to What’s Important!",tKnNAOiPx6U,stephan-delbos-drop-the-docs-get-back-to-what-s-important
[Lightning Talk] Chryssy Joski - The Power of Pink: Women in Technology,q34BaQg_F0Y,lightning-talk-chryssy-joski-the-power-of-pink-women-in-technology
[Lightning Talk] Marybeth Alexander - 25-hour Workweek,kfdcgF7UyGE,lightning-talk-marybeth-alexander-25-hour-workweek
Josh Peacock and Dennis Mortensen - The power of product screenshots in your help documentation,eoJh5cu91pw,josh-peacock-and-dennis-mortensen-the-power-of-product-screenshots-in-your-help-documentation
"[Lightning Talk] Ryan Macklin - ""Putting the instructions on the box""",ZArqF1GnvzQ,lightning-talk-ryan-macklin-putting-the-instructions-on-the-box
[Lightning Talk] Dennis Dawson - Liven Up Your Videos with Doodly,T7RUonmp8C4,lightning-talk-dennis-dawson-liven-up-your-videos-with-doodly
[Lightning Talk] Jeanine Abuahmad - Returning after Maternity Leave,OtmR_L3w8GI,lightning-talk-jeanine-abuahmad-returning-after-maternity-leave
Katie Riker - Working with User Experience to Maximize User Success,KPVp5Rc3C5Q,katie-riker-working-with-user-experience-to-maximize-user-success
Write the Docs Team - Write the Docs Atlantic 2023 conference introduction,96V202-7Ovk,write-the-docs-team-write-the-docs-atlantic-2023-conference-introduction
Adam Trujillo and Jeffrey Boruszak - Bootstrap IA Development with In-house Usability Testing,54-rhCmh_GQ,adam-trujillo-and-jeffrey-boruszak-bootstrap-ia-development-with-in-house-usability-testing
[Lightning Talk] Joe Gelb - Is Single Sourcing Dead?,3qi7nFY1RXo,lightning-talk-joe-gelb-is-single-sourcing-dead
Fabrizio Ferri-Benedetti - Once Upon a Time There Were... Docs,2C4XJe7OPT0,fabrizio-ferri-benedetti-once-upon-a-time-there-were-docs
Lorna Mitchell - OpenAPI for Documentarians,0uEmEWj5hs0,lorna-mitchell-openapi-for-documentarians
Write the Docs Virtual Conference Guide (2023 Edition),n8YXhL26YkE,write-the-docs-virtual-conference-guide-2023-edition
Lightning Talk: Laura Vass - Aikido Communications,bEdQopDrOoU,lightning-talk-laura-vass-aikido-communications
Write the Docs team - Conference closing,i8oNffWG3ZI,write-the-docs-team-conference-closing
Lightning Talk: Krista Burdine - Bridge building,xy6bsPG4PLg,lightning-talk-krista-burdine-bridge-building
Caitlin Davey - The visuals your users never saw…wait that’s most of them,wKpnN075bfo,caitlin-davey-the-visuals-your-users-never-saw-wait-that-s-most-of-them
Sarah Greene - Did You Read the SOP? Procedure Writing for the Laboratory,m23cLwiJyPU,sarah-greene-did-you-read-the-sop-procedure-writing-for-the-laboratory
Scott Truelove - Navigating the Future of Technical Writing in a Rapidly Evolving Tech Landscape,jcKCN9VhuPU,scott-truelove-navigating-the-future-of-technical-writing-in-a-rapidly-evolving-tech-landscape
Lightning talk: Julia Atash - CARs - Stretches for Writers,jOT-yzUNksQ,lightning-talk-julia-atash-cars-stretches-for-writers
"Linda Ikechukwu - Myths, Mistakes, and Missed Opportunities",h3Rl1cKarVA,linda-ikechukwu-myths-mistakes-and-missed-opportunities
Kari Halsted - GREAT BIG ENGINEERING ORG; itty bitty docs team,gdsmHokNdIs,kari-halsted-great-big-engineering-org-itty-bitty-docs-team
Lightning talk: John Mogilewsky - The applicability trap,gAPCkvNPyz8,lightning-talk-john-mogilewsky-the-applicability-trap
Dan Grabski - Zen And The Art Of Automanually Creating API Documentation - An Inquiry Into Process,UHVAKNdvihE,dan-grabski-zen-and-the-art-of-automanually-creating-api-documentation-an-inquiry-into-process
Lightning Talk: Heidi Waterhouse - No pitch hot,TNVuj1GmzBM,lightning-talk-heidi-waterhouse-no-pitch-hot
Lightning Talk: Joe Meerson - Because Data,Pfc61vJpWes,lightning-talk-joe-meerson-because-data
Daniel Murphey - Release-ready Docs: How a 2-person team keeps a help center consistently accurate,E_lKcCnK9I8,daniel-murphey-release-ready-docs-how-a-2-person-team-keeps-a-help-center-consistently-accurate
Write the Docs team - Conference introduction,EZJ0mk9Jj3s,write-the-docs-team-conference-introduction
Lightning Talk: Dennis Dawson - Sketchnoting: Engaging both brains,Bv6VlPBLPco,lightning-talk-dennis-dawson-sketchnoting-engaging-both-brains
Ashleigh Rentz - Trauma-Informed Documentation: Taking empathy & inclusive language to the next leve,89PTxN85FVU,ashleigh-rentz-trauma-informed-documentation-taking-empathy-inclusive-language-to-the-next-leve
Lightning Talk: Jewel Darger-Sacher - Why :pray: emoji ain't :high-five:,7lh-MYZMBJI,lightning-talk-jewel-darger-sacher-why-pray-emoji-ain-t-high-five
Ryan Young - Is it (layer) cake: Thinking in content levels,0OKRNQvZbL4,ryan-young-is-it-layer-cake-thinking-in-content-levels
"Jennifer A Swallow - Winning Over Coworkers, Collaborators, and Customers to a New Knowledge Exp.",yUhLkF-YDZs,jennifer-a-swallow-winning-over-coworkers-collaborators-and-customers-to-a-new-knowledge-exp
Lightning Talk: Ryan Macklin - People are never logical,l0n9A_DXAoY,lightning-talk-ryan-macklin-people-are-never-logical
Alex Garnett and Lauren Kiss - Doing Data-Driven Content Maintenance,Y3SH0-iWWhc,alex-garnett-and-lauren-kiss-doing-data-driven-content-maintenance
Lightning Talk: Matthew Shaver - Lego your docs,SljXA2bTOxo,lightning-talk-matthew-shaver-lego-your-docs
Ed Cormany - The Descriptivist Manifesto,RbFxwuNJjWo,ed-cormany-the-descriptivist-manifesto
Lightning Talk: Ashley Gordon - Tech writing internships,QNQwtb9u17A,lightning-talk-ashley-gordon-tech-writing-internships
Adam Altman - From resistance to adoption: navigating the challenges of docs-like-code,E12mXHjcQBE,adam-altman-from-resistance-to-adoption-navigating-the-challenges-of-docs-like-code
LT: Shauna McGee Kinney - Red Doc Chili Papers - Print Docs Then and Now,wy6-ViO1EvE,lt-shauna-mcgee-kinney-red-doc-chili-papers-print-docs-then-and-now
"Sarah Rainsberger - Happy Contributors, High Standards pick two! Balancing quality and community",emgFALmCyrY,sarah-rainsberger-happy-contributors-high-standards-pick-two-balancing-quality-and-community
Lana Novikova - Let's bring science into technical writing,9SdGWU867bs,lana-novikova-let-s-bring-science-into-technical-writing
Shumin Chen - Sustainable Content for Software Documentation Powered by Simplified Technical English,xKbg10gymI4,shumin-chen-sustainable-content-for-software-documentation-powered-by-simplified-technical-english
Hari Priya - How customer journey mapping can improve your docs and customer experience,tnTTN_64nAM,hari-priya-how-customer-journey-mapping-can-improve-your-docs-and-customer-experience
LT: Jared Morgan - The art and design of Pinball machine manuals,pMIKVmBwLJ0,lt-jared-morgan-the-art-and-design-of-pinball-machine-manuals
Ishara Ilangasinghe - Interviewing a Technical Writer Candidate,kjhVH9g_Ug4,ishara-ilangasinghe-interviewing-a-technical-writer-candidate
Lilly Ryan - Hack the Docs  how security professionals use documentation,h3xj5Pve1L8,lilly-ryan-hack-the-docs-how-security-professionals-use-documentation
Claire Mahoney - Chaos to contained  How a content project can lead to better content BAU,_sm0XDkHckM,claire-mahoney-chaos-to-contained-how-a-content-project-can-lead-to-better-content-bau
Alex Fiedler - Knowledge Experience for a PLG Strategy,XtdOcLzVhzY,alex-fiedler-knowledge-experience-for-a-plg-strategy
Braden Riggs - Optimizing SEO for Technical Documentation,VNLaKWU4pZs,braden-riggs-optimizing-seo-for-technical-documentation
LT: Cameron Shorter - My Open Source Docs Addiction,S-6NxPUorgU,lt-cameron-shorter-my-open-source-docs-addiction
LT: Yvonne Perkins - Communication in Communities - the personnel,RzZIOFDU4X0,lt-yvonne-perkins-communication-in-communities-the-personnel
"LT: Michael Park - Docker, a little container of consistency",ONZqaIpMdJo,lt-michael-park-docker-a-little-container-of-consistency
Swapnil Ogale - Conference intro and community update,M9qia7lEwcA,swapnil-ogale-conference-intro-and-community-update
"LT: Gaurav Nelson - Unlock the Hidden Job Market, Secrets to finding more writing opportunities",3MGj5Qd7n-0,lt-gaurav-nelson-unlock-the-hidden-job-market-secrets-to-finding-more-writing-opportunities
Taylor Cole - Cultivating a Stakeholder Network for Our Docs,3CiPXvawuow,taylor-cole-cultivating-a-stakeholder-network-for-our-docs
Mano Toth - Documentation as Marketing? From Conflict to Collaboration,MuhQKWAo-VM,mano-toth-documentation-as-marketing-from-conflict-to-collaboration
"Write the Docs team - Community Update, WTD Prague 2022",4nPWgUQ_VAo,write-the-docs-team-community-update-wtd-prague-2022
Melissa Black and Asma Kacem - Toward the broader globalization of Open Source,0igXjEXveXQ,melissa-black-and-asma-kacem-toward-the-broader-globalization-of-open-source
Benny Ifeanyi Iheagwara and Mustapha Rufai - Creating documentation for the African audience,w2L3QoTnYbE,benny-ifeanyi-iheagwara-and-mustapha-rufai-creating-documentation-for-the-african-audience
Jeff Smith - The Art of Asking Questions,v6mWnQ0KwHI,jeff-smith-the-art-of-asking-questions
Prashant Mathapathi - Improve Customer Adoption with UI Help,qpF85-f7brI,prashant-mathapathi-improve-customer-adoption-with-ui-help
[Lightning Talk] Mayur Patil - Tips to learn from scripts of Christopher Nolan,fNC47Dh0L9E,lightning-talk-mayur-patil-tips-to-learn-from-scripts-of-christopher-nolan
[Lightning Talk] James Baross - Git strategies for documentation,d4I5tMWX8PY,lightning-talk-james-baross-git-strategies-for-documentation
Emilia Juda Özbay - Maintaining Documentation: Make It Easy!,cD6YWZgeSBY,emilia-juda-zbay-maintaining-documentation-make-it-easy
"[Lightning Talk] Kat Stoica Ostenfeld - Speech acts - a thing we all do, without necessarily knowing",bLbpWyNnRZE,lightning-talk-kat-stoica-ostenfeld-speech-acts-a-thing-we-all-do-without-necessarily-knowing
[Lightning Talk] Abi Sutherland - Can we NOT do docs at the eleventh hour? Mmmmmaybe.,ZwSKTitv778,lightning-talk-abi-sutherland-can-we-not-do-docs-at-the-eleventh-hour-mmmmmaybe
Tyler Smith - ADHD and its impact on the Creative Process for Writers,YLyfhTzADAA,tyler-smith-adhd-and-its-impact-on-the-creative-process-for-writers
Ryan Paul - Two years of Markdoc: what we’ve learned about balancing developer and author experience,Js8ZK-eiwAg,ryan-paul-two-years-of-markdoc-what-we-ve-learned-about-balancing-developer-and-author-experience
[Lightning Talk] Emily Axel - Running an accessibility exercise with your team,Fpr0Z0o3GXQ,lightning-talk-emily-axel-running-an-accessibility-exercise-with-your-team
Tibs - Beyond spell checking - what else can we check automatically?,8NukYx5ggCM,tibs-beyond-spell-checking-what-else-can-we-check-automatically
Karissa Van Baulen - How I convinced my boss to build our docs team,7OLiTPL0lGw,karissa-van-baulen-how-i-convinced-my-boss-to-build-our-docs-team
Ben Perlmutter - Unit Test the Docs: Why You Should Test Your Code Examples,yCqteMY3L-g,ben-perlmutter-unit-test-the-docs-why-you-should-test-your-code-examples
LT: Ryan Macklin - Can I interest you in Empathy Advocacy?,xfnlNxq0V_A,lt-ryan-macklin-can-i-interest-you-in-empathy-advocacy
LT: Cynthia Harvey - Marketing is not a curse word - 5 reasons to cultivate a closer relationship,wM3GQUMaKWs,lt-cynthia-harvey-marketing-is-not-a-curse-word-5-reasons-to-cultivate-a-closer-relationship
Alastair Dallas and Shane Diven - Lessons Learned from Cloud Ops,sTwFAgLSCFY,alastair-dallas-and-shane-diven-lessons-learned-from-cloud-ops
Kumar Dhanagopal - Don't trust the numbers!,sLsohqs3tSE,kumar-dhanagopal-don-t-trust-the-numbers
Kate Mueller - Beating the Virginia Blues: Thru-hiking strategies for your next big project,oqp0joQmazE,kate-mueller-beating-the-virginia-blues-thru-hiking-strategies-for-your-next-big-project
LT: Sarah Day - How to Give Bad News,oLbL0ccLVeg,lt-sarah-day-how-to-give-bad-news
LT: Leanna Inzalaco - Sparking a conversation about climate-aware content strategies,jXrnqC5amzw,lt-leanna-inzalaco-sparking-a-conversation-about-climate-aware-content-strategies
Rose Williams & Alyssa Rock - Meetup information session - Get involved locally!,huPjgIx16Go,rose-williams-alyssa-rock-meetup-information-session-get-involved-locally
Anna Gasparyan - Don't shoot yourself in the foot with content reuse,dxEhvjz3eEY,anna-gasparyan-don-t-shoot-yourself-in-the-foot-with-content-reuse
Eric Holscher - Conference introduction and community update,a6-VYEmV7tM,eric-holscher-conference-introduction-and-community-update
LT: Sarah Shockey - Global English: tips and tricks for simplicity and cross-cultural communication,Z58TnZAXmwo,lt-sarah-shockey-global-english-tips-and-tricks-for-simplicity-and-cross-cultural-communication
Conference Closing,Yc1CVeYO4r8,conference-closing
LT: Gayathri Krishnaswamy - 5 steps to a great quickstart,V-tZo0rArag,lt-gayathri-krishnaswamy-5-steps-to-a-great-quickstart
"LT: Bryan Klein - Marketing and Documentation Site with GitPod, Frontmatter CMS and Hugo SSG",T7neqUfnVvo,lt-bryan-klein-marketing-and-documentation-site-with-gitpod-frontmatter-cms-and-hugo-ssg
Chris Ganta - Peer writing and beyond: An experimental approach to sustainable open-source projects,Q_Wcwzz8x5M,chris-ganta-peer-writing-and-beyond-an-experimental-approach-to-sustainable-open-source-projects
Erin Dees - Code Cowpokes and Word Wranglers: from Mutual Admiration to Solidarity,I9g8b4iWD1I,erin-dees-code-cowpokes-and-word-wranglers-from-mutual-admiration-to-solidarity
LT: Matt Reiner - I'm Make Technical Videos... Am I Still a Documentarian?!,HD2H6u3ytHQ,lt-matt-reiner-i-m-make-technical-videos-am-i-still-a-documentarian
Kassandra Dhillon and Erin McKean - Measuring Documentation Success in Open Source,HCYJB23Gj2M,kassandra-dhillon-and-erin-mckean-measuring-documentation-success-in-open-source
Marcia Riefer Johnston & Dave May - One AWS team’s move to docs as code,Cxuo3udElcE,marcia-riefer-johnston-dave-may-one-aws-team-s-move-to-docs-as-code
Liani Lye & Gretchen Maciolek - All together now: Turning technologists into documentarians,7I9HoJIb6IU,liani-lye-gretchen-maciolek-all-together-now-turning-technologists-into-documentarians
LT: Elisa Sawyer - The Zen of Technical Writing,5tSMzfvFEc8,lt-elisa-sawyer-the-zen-of-technical-writing
Lana Brindley - From Me to Us: Building a docs team from the ground up,48hmsGXU5Tk,lana-brindley-from-me-to-us-building-a-docs-team-from-the-ground-up
LT: Bart Buerman - Introducing the Broadcast Bike,-Jg1G1j_KcI,lt-bart-buerman-introducing-the-broadcast-bike
"[Lightning Talk] Coley Woyak - New, first, & only",W-DlX8IuKMA,lightning-talk-coley-woyak-new-first-only
Lana Brindley - More than words: Reviewing and updating your information architecture,Gm-0IIvWLmE,lana-brindley-more-than-words-reviewing-and-updating-your-information-architecture
[Lightning Talk] Swapnil Ogale - The five people you meet in documentation,z4Sh4HuXDxw,lightning-talk-swapnil-ogale-the-five-people-you-meet-in-documentation
[Lightning Talk] Qian Lu - Design thinking is in tech writing all along,rF4LSq_zPoQ,lightning-talk-qian-lu-design-thinking-is-in-tech-writing-all-along
[Lightning Talk] Tony Ibbs - Apostrophe - a story of naming,olkBKVP6ezE,lightning-talk-tony-ibbs-apostrophe-a-story-of-naming
Anita Diamond - Cognitive Ergonomics in Technical Writing - Lessons from the Field,lSzV1r5PbLA,anita-diamond-cognitive-ergonomics-in-technical-writing-lessons-from-the-field
[Lightning Talk] Emily Axel - Process Recordings: Documenting Social Work Conversations,dHd5OksBPBA,lightning-talk-emily-axel-process-recordings-documenting-social-work-conversations
Mikey Ariel - Introduction to Write the Docs Prague 2021,YJG3WBGoBlY,mikey-ariel-introduction-to-write-the-docs-prague-2021
[Lightning Talk] Abi Sutherland - The best tech writing you’ve never seen,Xasef7oR25Y,lightning-talk-abi-sutherland-the-best-tech-writing-you-ve-never-seen
Anna Korinna Németh Szabó - Alchemy in Adversity,RwzrF1g2vf4,anna-korinna-n-meth-szab-alchemy-in-adversity
Fabrizio Ferri Benedetti - When documenting is designing,ODjX_3tGeeM,fabrizio-ferri-benedetti-when-documenting-is-designing
Kate Santo - From travel content to technical content: my journey,NKK2o0IPXjU,kate-santo-from-travel-content-to-technical-content-my-journey
Felicity Brand - How to write a book for (and with) an open source community,Enq7Esg3tHY,felicity-brand-how-to-write-a-book-for-and-with-an-open-source-community
Victor Sluiter - Adventures in setting up a knowledge system for a research group,5tv4bOPpI7M,victor-sluiter-adventures-in-setting-up-a-knowledge-system-for-a-research-group
Kat Stoica Ostenfeld - How I use applied linguistics to be a better technical writer,5e1h3cMEg8Q,kat-stoica-ostenfeld-how-i-use-applied-linguistics-to-be-a-better-technical-writer
Jenn Leaver - Docs leadership: How to become a stronger leader for your team,3ceQ9xbRn3s,jenn-leaver-docs-leadership-how-to-become-a-stronger-leader-for-your-team
Ryan Macklin - So you need to give bad news to users…,iuaLHLyLTpY,ryan-macklin-so-you-need-to-give-bad-news-to-users
[Lightning Talk] Eugene Titerman - Docs as GUI,eaqjv6--fw8,lightning-talk-eugene-titerman-docs-as-gui
Karen Sawrey - Hustling for Fun and Profit as a Technical Writer: A Freelancing Starter Kit,doYpi9hEE7w,karen-sawrey-hustling-for-fun-and-profit-as-a-technical-writer-a-freelancing-starter-kit
Kevin Hwang - Customer Feedback is the Fuel in our Engine,JbGTU15RlYk,kevin-hwang-customer-feedback-is-the-fuel-in-our-engine
[Lightning Talk] Bart Buerman - Bike the Docs,CBtqnxWDa_Q,lightning-talk-bart-buerman-bike-the-docs
[Lightning Talk] Ingrid Towey - Turning cooperation into collaboration: A UX writing case history,M3_XR5RbGeE,lightning-talk-ingrid-towey-turning-cooperation-into-collaboration-a-ux-writing-case-history
[Lightning Talk] Renée Carignan Schaaf - Why Docs Folks Make Awesome ERG Advocates,yyp9FoP0Qjo,lightning-talk-ren-e-carignan-schaaf-why-docs-folks-make-awesome-erg-advocates
[Lightning Talk] Ryan Macklin - 5 things being a game designer taught me about tech writing,y_B9T6MhPs4,lightning-talk-ryan-macklin-5-things-being-a-game-designer-taught-me-about-tech-writing
"[Lightning Talk] Lisa Gay - The Nuts and Bolts, Literally: Documenting Hardware",wr1fMBhNvXU,lightning-talk-lisa-gay-the-nuts-and-bolts-literally-documenting-hardware
[Lightning Talk] Amoreen Armetta - WTD Book Club,jJ6JSlvaCW8,lightning-talk-amoreen-armetta-wtd-book-club
Falon Darville - Almost None to Some: Driving DISQO's Doc Culture as a Solo Documentarian,f7hHwGvR0_Q,falon-darville-almost-none-to-some-driving-disqo-s-doc-culture-as-a-solo-documentarian
Katherine Karaus - Invisible influence: the documentation behind UX copy,efmtoJ6Q-0Q,katherine-karaus-invisible-influence-the-documentation-behind-ux-copy
Eric Holscher - Write the Docs Portland 2021 Closing,e2Pg98vBM9M,eric-holscher-write-the-docs-portland-2021-closing
Rachael Stavchansky - Shuffle ball change: Sashay your way to clearer API documentation,aaBLXKGs9cQ,rachael-stavchansky-shuffle-ball-change-sashay-your-way-to-clearer-api-documentation
Eric Holscher - Welcome to Write the Docs Portland 2021,YkbhW_ntAMc,eric-holscher-welcome-to-write-the-docs-portland-2021
"Daniele Procida - Always complete, never finished",Wc7n7uIg4AM,daniele-procida-always-complete-never-finished
Paris Buttfield-Addison - The Secret History of Libraries,VEDdflVPTv0,paris-buttfield-addison-the-secret-history-of-libraries
[Lightning Talk] Jatin Billimoria - Bug Bashing Your Docs,ToNhL3cZImA,lightning-talk-jatin-billimoria-bug-bashing-your-docs
Sarah R. Rodlund - Beyond metrics: Using maturity models to develop a docs strategy,Ti5lfI0l190,sarah-r-rodlund-beyond-metrics-using-maturity-models-to-develop-a-docs-strategy
Rin Oliver - Writing Documentation with Neurodivergent Open Source Contributors In Mind,TV-bawUDibc,rin-oliver-writing-documentation-with-neurodivergent-open-source-contributors-in-mind
"Ines Stefanovic - Is Tech Writer a Tester, and Vice Versa, Is Tester a Tech Writer?",TG7vKolsqb4,ines-stefanovic-is-tech-writer-a-tester-and-vice-versa-is-tester-a-tech-writer
Jessica Garson - Writing a perfect technical tutorial,T4mJ1Du-VB4,jessica-garson-writing-a-perfect-technical-tutorial
Nicola Yap - Level Up: Onboarding that enables writers to thrive,ROhFB4HL0CU,nicola-yap-level-up-onboarding-that-enables-writers-to-thrive
Deanna Thompson - Building a style guide from the ground up: lessons learned from a lone writer,PkK1lowfeFU,deanna-thompson-building-a-style-guide-from-the-ground-up-lessons-learned-from-a-lone-writer
[Lightning Talk] Kathryn Elliott - Content Experience Checklist,PkJCMIGj_KE,lightning-talk-kathryn-elliott-content-experience-checklist
[Lightning Talk] Garrett Griffith - Git Basics for a Non-Technical Audience,NTGtcDns_j8,lightning-talk-garrett-griffith-git-basics-for-a-non-technical-audience
[Lightning Talk] Joe Lodin - A Lightning-Quick Intro to Cross-Functional Writing,LfG7QxN4jYY,lightning-talk-joe-lodin-a-lightning-quick-intro-to-cross-functional-writing
Swapnil Ogale - Putting the “tech” in technical writer,FQ7DkPOw3Cc,swapnil-ogale-putting-the-tech-in-technical-writer
Laura Novich - Documentation Communities: Sound Strategy or Documentarian's Gambit?,57ik4zDMKJY,laura-novich-documentation-communities-sound-strategy-or-documentarian-s-gambit
[Lightning Talk] Maribel Carrillo Padilla - Why Accessibility is a Tool to Build Better Products,42FXlj2spl4,lightning-talk-maribel-carrillo-padilla-why-accessibility-is-a-tool-to-build-better-products
Abigail McCarthy - Guide to getting started in open source,3prrgLv4qt4,abigail-mccarthy-guide-to-getting-started-in-open-source
Swapnil Ogale - Introduction and welcome to Write the Docs Australia and India 2020,NDXdRz6Gouo,swapnil-ogale-introduction-and-welcome-to-write-the-docs-australia-and-india-2020
[Lightning Talk] Linette Voller - 5 Steps towards making sketchnotes,uF0XAuQmfdM,lightning-talk-linette-voller-5-steps-towards-making-sketchnotes
[Lightning Talk] Cameron Shorter - State of [The Good Docs Project],SzScm8W1Ys4,lightning-talk-cameron-shorter-state-of-the-good-docs-project
[Lightning Talk] Swapnil Ogale - Markdown and the art of reuse,bsoygkUmPB8,lightning-talk-swapnil-ogale-markdown-and-the-art-of-reuse
[Lightning Talk]  Eric Holscher - Embedding documentation content,tBP-4zHQMKM,lightning-talk-eric-holscher-embedding-documentation-content
[Lightning Talk]  Ankita Tripathi - Sneak peek into the API world outside REST,1xamsQ1b8L0,lightning-talk-ankita-tripathi-sneak-peek-into-the-api-world-outside-rest
[Lightning Talk]  Anindita Basu - Data harvesting from liturgy,JszdjnveZ4k,lightning-talk-anindita-basu-data-harvesting-from-liturgy
[Lightning Talk] Jared Morgan- Experimenting with video length for great justice,KPHu726Ai9o,lightning-talk-jared-morgan-experimenting-with-video-length-for-great-justice
Sayraphim Lothian - How (and why) to make awesome video tutorials,OFpQJSzWz6s,sayraphim-lothian-how-and-why-to-make-awesome-video-tutorials
Kenzie Woodbridge - Everyone's a player (in a mid-90s MUD),luYNcug3tCs,kenzie-woodbridge-everyone-s-a-player-in-a-mid-90s-mud
Matt Reiner- The Pains of Composition: How to write your best documentation in a collaborative world,NrEbQOzGFTM,matt-reiner-the-pains-of-composition-how-to-write-your-best-documentation-in-a-collaborative-world
Sam Irons - Content strategy in practice: a case study,9TEIndrieYY,sam-irons-content-strategy-in-practice-a-case-study
Vikram Mulay - Influence your customer outreach with best practices for internationalization,mWLXSQT4PFU,vikram-mulay-influence-your-customer-outreach-with-best-practices-for-internationalization
Marika Vertzonis - A treasure map for the doc – Exploring the discoverability of documentation,cntzZ-3n-PM,marika-vertzonis-a-treasure-map-for-the-doc-exploring-the-discoverability-of-documentation
"Chris Ward - An introduction to developer experience, and the role of a documentarian",-xs-gYYSGiI,chris-ward-an-introduction-to-developer-experience-and-the-role-of-a-documentarian
Ankita Tripathi - Overcoming the Plight of Lone Writers,K00s0v0eMAs,ankita-tripathi-overcoming-the-plight-of-lone-writers
Marcelina Haftka - Legacy content from various perspectives,Xl374PMXiJI,marcelina-haftka-legacy-content-from-various-perspectives
Andrea Szöllössi - 5 things I learned from my first open source contribution,T1-AnEfUR4M,andrea-sz-ll-ssi-5-things-i-learned-from-my-first-open-source-contribution
Scott DeLoach - Microcontent: Designing & Developing Reusable Content,CoShm-AXYP4,scott-deloach-microcontent-designing-developing-reusable-content
Lana Brindley - When Agile Fails: Working on Large Documentation Projects,gqImziESRho,lana-brindley-when-agile-fails-working-on-large-documentation-projects
Michael Belton - Onboard yourself: How to get set-up for success in a new role,3TWEDhCY3Qs,michael-belton-onboard-yourself-how-to-get-set-up-for-success-in-a-new-role
"Yael Ben David - Little words, big ideas: How to write microcopy that works",RBStYOBgeB4,yael-ben-david-little-words-big-ideas-how-to-write-microcopy-that-works
Akshay Iyer - Storytelling for Technical Products - What We Can Learn from Lego and Pixar,_SiOkgQd_Js,akshay-iyer-storytelling-for-technical-products-what-we-can-learn-from-lego-and-pixar
[Lightning Talk] Fabrizio Ferri Benedetti - Be a Salmon,xGnIeYUAjMw,lightning-talk-fabrizio-ferri-benedetti-be-a-salmon
Jen Weaver - Future-Proofing Your Support Visuals,fjXam26sUSE,jen-weaver-future-proofing-your-support-visuals
Mikey Ariel - Introduction to Write the Docs Prague 2020,Vf5f2wBdFXo,mikey-ariel-introduction-to-write-the-docs-prague-2020
Karen Sawrey - Remote Job On boarding: Top 10 Things We Can Do Better,K_v80LVeayE,karen-sawrey-remote-job-on-boarding-top-10-things-we-can-do-better
Kruno Golubić  - From Graffiti Writer to Technical Writer,HnK_DmUMo-M,kruno-golubi-from-graffiti-writer-to-technical-writer
Karissa Van Baulen - The Importance of Using Analytics and Feedback for your Documentation,EkPU2afWPDA,karissa-van-baulen-the-importance-of-using-analytics-and-feedback-for-your-documentation
Andrew Haynes - A Journey to Pattern Languages,EHzOrtdF_V0,andrew-haynes-a-journey-to-pattern-languages
Chris Noonan - The Rocky Road to DocOps,2HjeYNs2z7o,chris-noonan-the-rocky-road-to-docops
Myriam Jessier - Making documentation discoverable in search engines,729Fs7JJFAQ,myriam-jessier-making-documentation-discoverable-in-search-engines
Diana Lakatos - Helping Your Community Contribute to Developer Documentation,zm5Iw7jsyC4,diana-lakatos-helping-your-community-contribute-to-developer-documentation
[Lightning Talk] Shweta Naresh - Technical writers or UX advocates,u7kERthDlXQ,lightning-talk-shweta-naresh-technical-writers-or-ux-advocates
Matt Reiner - Bake a Little Documentation Love into Your Product,_XcCbAvN7f8,matt-reiner-bake-a-little-documentation-love-into-your-product
Natali Vlatko - Documenting the (Ancient) History of Your Project,YxNx9Fi40-Y,natali-vlatko-documenting-the-ancient-history-of-your-project
[Lightning Talk] Bart Buerman - Running a conference livestream from my living room,Y16v5kwbcdQ,lightning-talk-bart-buerman-running-a-conference-livestream-from-my-living-room
Jessica Valasek Estenssoro and Arthur D'Herbemont - How to be an Avante-Garde Guinea Pig,Udy1-gzdcig,jessica-valasek-estenssoro-and-arthur-d-herbemont-how-to-be-an-avante-garde-guinea-pig
[Lightning Talk] Tina Lüdtke - A quick round trip inside the brain,TjyUHpc6ppE,lightning-talk-tina-l-dtke-a-quick-round-trip-inside-the-brain
Ingrid K Towey - When Wishing Still Helped... What Folklore Can Teach Us About Technical Writing,SWWnyYFb6w8,ingrid-k-towey-when-wishing-still-helped-what-folklore-can-teach-us-about-technical-writing
[Lightning Talk] Kenzie Woodbridge - Affective Data Visualization (CW),OVFkfsBLC7k,lightning-talk-kenzie-woodbridge-affective-data-visualization-cw
[Lightning Talk] Emily Axel - Conveying Emotion Over Slack: A Tale of Two Emojis,Nvxvstdzkfk,lightning-talk-emily-axel-conveying-emotion-over-slack-a-tale-of-two-emojis
Tanks Transfeld - Emulating the Teacher's Approving Nod in Teaching Material,NCxSJXD2RHY,tanks-transfeld-emulating-the-teacher-s-approving-nod-in-teaching-material
Paul Brown - The Baseline -- Or Technical Writing for Non Technical Readers,GVFsjcS6f3I,paul-brown-the-baseline-or-technical-writing-for-non-technical-readers
[Lightning Talk] Surya Panneer - Technical Editing Checklist,Ey2nSxPkTS0,lightning-talk-surya-panneer-technical-editing-checklist
"Abigail Sutherland - Organizing a Confluence hoard, or, does this page spark joy?",DrGCWTxeA94,abigail-sutherland-organizing-a-confluence-hoard-or-does-this-page-spark-joy
Joe Malin - Need Examples? Write Your Own!,Cuyei0ZA-vQ,joe-malin-need-examples-write-your-own
Luc Perkins - Model-view-docs: taming large-scale documentation projects using structured data,l9cdOSfWUDg,luc-perkins-model-view-docs-taming-large-scale-documentation-projects-using-structured-data
Brooke Wayne - Don't Fear Migration! How to Successfully Move Docs to a New Tool,5asLqBaVVmg,brooke-wayne-don-t-fear-migration-how-to-successfully-move-docs-to-a-new-tool
Avi Flax - Set your data free with model-based architecture diagramming,3i-C7qbRGGQ,avi-flax-set-your-data-free-with-model-based-architecture-diagramming
Lucy Carey - Globalise the docs,D5BchQwaM8Y,lucy-carey-globalise-the-docs
Jessica Garson - Creating Quality Sample Code,yhrbkReYbf0,jessica-garson-creating-quality-sample-code
Anni Bond - Writing Backwards: Documenting the End-of-Life of a Product,vvpELALAUUc,anni-bond-writing-backwards-documenting-the-end-of-life-of-a-product
Luca Janssens - Finding the line: Balancing business continuity and documentation debt,n7BNAP-zsR0,luca-janssens-finding-the-line-balancing-business-continuity-and-documentation-debt
Paul Logan - The Search for Search,yMN_XWHEAy4,paul-logan-the-search-for-search
[Lightning Talk] Julia Evans - Can we (sometimes) go back to print documentation?,pC6awTmOy_o,lightning-talk-julia-evans-can-we-sometimes-go-back-to-print-documentation
"Colin Dean - Building a content-focused, scientific document authoring workflow",m1Lhy3fheuY,colin-dean-building-a-content-focused-scientific-document-authoring-workflow
[Lightning Talk] Adrian Stevens - Write great learning objectives to power intelligent search,j2zbyOuVdNE,lightning-talk-adrian-stevens-write-great-learning-objectives-to-power-intelligent-search
Ryan Paul - Documentation as an application: enabling interactive content tailored to the user,aLVvSyenA6s,ryan-paul-documentation-as-an-application-enabling-interactive-content-tailored-to-the-user
Sally Stumbo - Walking Backwards: New Customer Journey from Finish to Start to Help Shape Content,UOjbIZr-G_Q,sally-stumbo-walking-backwards-new-customer-journey-from-finish-to-start-to-help-shape-content
Alexandra White - Moving beyond empathy: a11y in documentation,PS8ywGg0x-U,alexandra-white-moving-beyond-empathy-a11y-in-documentation
"Dan Gunter - Where Docs, Cloud-hosted Interactive Tutorials and CI Testing Intersect",NIxopuBhnV4,dan-gunter-where-docs-cloud-hosted-interactive-tutorials-and-ci-testing-intersect
[Lightning Talk] Ryan Macklin - Emotional personas: another way to think about your users,LH3s6WHvvL4,lightning-talk-ryan-macklin-emotional-personas-another-way-to-think-about-your-users
[Lightning Talk] Matt Reiner - Collaboration is scary and makes us better,JB1xsebccVQ,lightning-talk-matt-reiner-collaboration-is-scary-and-makes-us-better
"[Lightning Talk] Janine Chan - When grammar rules matter, and when they get in the way",HIfANztn_-A,lightning-talk-janine-chan-when-grammar-rules-matter-and-when-they-get-in-the-way
Shavindri Dissanayake (Shavi) - Why SDK Docs Matter — And What I’m Doing About It!,D0QY7MXV3Ho,shavindri-dissanayake-shavi-why-sdk-docs-matter-and-what-i-m-doing-about-it
Kateryna Osadchenko - Collaborating w/teams on content strategy planning: pitfalls & best practices,AE4LleFg1iI,kateryna-osadchenko-collaborating-w-teams-on-content-strategy-planning-pitfalls-best-practices
[Lightning Talk] Ayman Nadeem - Hieroglyphic: visual annotations for code,9EkW6PUdZzA,lightning-talk-ayman-nadeem-hieroglyphic-visual-annotations-for-code
Matthew Baldwin - Read the Rules: What technical writers can learn from board game design,7a3xEl8C3Lc,matthew-baldwin-read-the-rules-what-technical-writers-can-learn-from-board-game-design
[Lightning Talk] Nick Van der Auwermeulen - Impactful writing during the pandemic,5dfIJ6pclbI,lightning-talk-nick-van-der-auwermeulen-impactful-writing-during-the-pandemic
Introduction to Write the Docs Portland 2020,rcTHjGuSteY,introduction-to-write-the-docs-portland-2020
Aaron Collier - Seeing your docs through different eyes: Mapping doc users experiences,vj7TyUgBEW8,aaron-collier-seeing-your-docs-through-different-eyes-mapping-doc-users-experiences
Day 1 Lightning Talk #1 - Write the Docs Prague 2019,uL5Uxxds2Og,day-1-lightning-talk-1-write-the-docs-prague-2019
Day 1 Lightning Talk #3 - Write the Docs Prague 2019,sWaHa_wQv3M,day-1-lightning-talk-3-write-the-docs-prague-2019
"Arran Southall - Fostering Talent: Mentorship, Peer Reviews and Going Beyond Your Job Description",rom6UW-TjNc,arran-southall-fostering-talent-mentorship-peer-reviews-and-going-beyond-your-job-description
Kayla Lee - The Super Effective Writing Process of Grammy-winning Artists,qxl3Ze7HIug,kayla-lee-the-super-effective-writing-process-of-grammy-winning-artists
James Scott - How to write the perfect error message,hzCfl8CGJuw,james-scott-how-to-write-the-perfect-error-message
Day 2 Lightning Talk #4 - Write the Docs Prague 2019,cvUEwMy7n14,day-2-lightning-talk-4-write-the-docs-prague-2019
Day 1 Lightning Talk #4 - Write the Docs Prague 2019,csDM6FfLkJE,day-1-lightning-talk-4-write-the-docs-prague-2019
Ben Ahmady - Write the API docs before the API exists,YoeQV6PJmos,ben-ahmady-write-the-api-docs-before-the-api-exists
Plamena Maleva - The Power of Empathy in Support Documentation: A 5-Step Guide,Ymo0QcvEg5s,plamena-maleva-the-power-of-empathy-in-support-documentation-a-5-step-guide
Jen Lambourne - The UK government meets docs as code,Ql9Il7tssik,jen-lambourne-the-uk-government-meets-docs-as-code
Ilona Koren-Deutsch - Inclusive environments are just better: science says so,OkKLFazW9SU,ilona-koren-deutsch-inclusive-environments-are-just-better-science-says-so
Ellie Farrier - Wild Geeks: Poetry in the Digital Age,KBCRUTr2u0c,ellie-farrier-wild-geeks-poetry-in-the-digital-age
Zachary Sarah Corleissen - Found in Translation: Lessons from a Year of Open Source Localization,GXkpHAruNV8,zachary-sarah-corleissen-found-in-translation-lessons-from-a-year-of-open-source-localization
Prerana Pradhan - Fostering Technical Writing in Developing Nations,DpYFUeeL3KY,prerana-pradhan-fostering-technical-writing-in-developing-nations
Introduction to Write the Docs Prague 2019,8DNniQzgzFQ,introduction-to-write-the-docs-prague-2019
Kelly O'Brien - Surprise! You're a designer now.,5jcBDWC8s-E,kelly-o-brien-surprise-you-re-a-designer-now
Day 2 Lightning Talk #3 - Write the Docs Prague 2019,sxwKWN7iExA,day-2-lightning-talk-3-write-the-docs-prague-2019
Alison MacNeil - Documenting known unknowns,rylqzBC3UD0,alison-macneil-documenting-known-unknowns
Day 2 Lightning Talk #2 - Write the Docs Prague 2019,n8O3OwfJcTg,day-2-lightning-talk-2-write-the-docs-prague-2019
Karen Sawrey - Disagree with “I Agree”.,eaVRJ7teQv4,karen-sawrey-disagree-with-i-agree
Day 1 Lightning Talk #5 - Write the Docs Prague 2019,axBTqOslb54,day-1-lightning-talk-5-write-the-docs-prague-2019
Day 2 Lightning Talk #1 - Write the Docs Prague 2019,_enufc7FYws,day-2-lightning-talk-1-write-the-docs-prague-2019
Day 1 Lightning Talk #2 - Write the Docs Prague 2019,QfIdqIbNE3Q,day-1-lightning-talk-2-write-the-docs-prague-2019
Brian Lemke - How to launch your startup with good docs,0ilC6bjUpWI,brian-lemke-how-to-launch-your-startup-with-good-docs
Defying the Status Quo: How a grassroots effort can transform an organization - Jodie Putrino,09z0VDR_bxs,defying-the-status-quo-how-a-grassroots-effort-can-transform-an-organization-jodie-putrino
Lessons Learned in a Year of Docs-Driven Development - Jessica Parsons,WDYQoZ-QDRM,lessons-learned-in-a-year-of-docs-driven-development-jessica-parsons
Product Documentation Strategy - Kay Miles,sGN5lHsqAUk,product-documentation-strategy-kay-miles
Captioning the Docs - Vanessa Stanton - Behind the Scenes of Write the Docs,74D61IulEy0,captioning-the-docs-vanessa-stanton-behind-the-scenes-of-write-the-docs
Good SEO = Good Content Strategy - Carolyn Gronlund Lightning Talk,huaPTFeATGM,good-seo-good-content-strategy-carolyn-gronlund-lightning-talk
Documenting End of Life - Annie Bond Lightning Talk,4P0t_dJQfgY,documenting-end-of-life-annie-bond-lightning-talk
Subtle Issues with camelCase filenames - Carl Parker Lightning Talk,X0fZh-T5IGg,subtle-issues-with-camelcase-filenames-carl-parker-lightning-talk
Don't get RSI - Sandra Friesen Lightning Talk,ouMp3iEKHoU,don-t-get-rsi-sandra-friesen-lightning-talk
Automated Testing for Prose - Katy Decorah Lightning Talk,XGyu_-vx9Ss,automated-testing-for-prose-katy-decorah-lightning-talk
Documentation for Good: Knowledge as a tool for equity and inclusion - Riona MacNamara,EUIdTrsGMh0,documentation-for-good-knowledge-as-a-tool-for-equity-and-inclusion-riona-macnamara
SDK Reference Manuals: A flow-based approach - Chris Bush,4OtdFEp88VI,sdk-reference-manuals-a-flow-based-approach-chris-bush
Show Me the Money: How to Get Your Docs the Love and Support They Deserve - Matt Reiner,8ZPUOwBIi3g,show-me-the-money-how-to-get-your-docs-the-love-and-support-they-deserve-matt-reiner
Just Add Data: Make it easier to prioritize your documentation - Sarah Moir,5kTWjB28TDI,just-add-data-make-it-easier-to-prioritize-your-documentation-sarah-moir
Draw the Docs - Alicja Raszkowska,Zvys6tUmEzg,draw-the-docs-alicja-raszkowska
"Tutorials, Tooltips, and Popups…oh MY! - Meghan Mahar",8yvlwReq6lA,tutorials-tooltips-and-popups-oh-my-meghan-mahar
Localize the Docs! - Paul Wallace,PMd6yVWgGjM,localize-the-docs-paul-wallace
How I Learned to Stop Worrying and Love the Command Line - Mike Jang,YfM220sNVp8,how-i-learned-to-stop-worrying-and-love-the-command-line-mike-jang
Harvest Past Experience to be a Great Tech Writer - Mark F Iverson,n2SDZ8qglbQ,harvest-past-experience-to-be-a-great-tech-writer-mark-f-iverson
Lightning Talk: Comics in Docs - Tess Needham,bbH5aon4yec,lightning-talk-comics-in-docs-tess-needham
Lightning Talk: Why you need peer reviews - Lucía M. Polis,GxQoFfLXFGI,lightning-talk-why-you-need-peer-reviews-luc-a-m-polis
Lightning Talk: Documenting the Documentarians - Kay Smoljak,Uo9G9U4aFm0,lightning-talk-documenting-the-documentarians-kay-smoljak
Lightning Talk: Influencing users to find answers in our docs - Grace Greenwood,3nnxMTcbvus,lightning-talk-influencing-users-to-find-answers-in-our-docs-grace-greenwood
Lightning Talk: To succeed as an internal writer... - Colin Torretta,MfE72gBT-Ts,lightning-talk-to-succeed-as-an-internal-writer-colin-torretta
Lightning Talk: How to host a doc bug bash - Lucie Lozinski,RHhDgLnALvI,lightning-talk-how-to-host-a-doc-bug-bash-lucie-lozinski
Documenting for Open Source - Shannon Crabill,i22duorDVt0,documenting-for-open-source-shannon-crabill
Writer? Editor? Teacher? - Kathleen Juell,JDrb-meCtHQ,writer-editor-teacher-kathleen-juell
How to edit other people's content without pissing them off - Ingrid Towey,7iWUSetbaos,how-to-edit-other-people-s-content-without-pissing-them-off-ingrid-towey
Cultivating a community of documentation advocates - Heather Stenson,lZhIQNlGY4s,cultivating-a-community-of-documentation-advocates-heather-stenson
Welcome - Write the Docs Portland 2019,RIiIOFBS5DM,welcome-write-the-docs-portland-2019
Lightning Talk: Live Captioning - Sheryll Holley & Julia Jacobie,xFnM6vmvWaI,lightning-talk-live-captioning-sheryll-holley-julia-jacobie
What about compliance? - Vlad Stirbu,tmFI7haJ7bQ,what-about-compliance-vlad-stirbu
Lightning Talk: Blowing Our Minds With Keeping the User In Mind - Karissa Van Baulen,rsQIl5dsN8k,lightning-talk-blowing-our-minds-with-keeping-the-user-in-mind-karissa-van-baulen
Lightning Talk: How To Get Started With Cryptic Crosswords - Beth Aitman,i7Yt9jSXukQ,lightning-talk-how-to-get-started-with-cryptic-crosswords-beth-aitman
Lightning Talk: How Crosswords Can Bring Departments Together - Marcin Sedlak-Jakubowski,YMEXRBqNTKY,lightning-talk-how-crosswords-can-bring-departments-together-marcin-sedlak-jakubowski
So you want to make videos? - Sarah Ley-Hamilton,PyGJiUIMGpw,so-you-want-to-make-videos-sarah-ley-hamilton
A brief history of text markup languages - Tony Ibbs,P-7hwjocEpM,a-brief-history-of-text-markup-languages-tony-ibbs
Lightning Talk: A Perspective Of a Non-Tech Writer - Audis Stukas,OjuZJ2rfX1Y,lightning-talk-a-perspective-of-a-non-tech-writer-audis-stukas
Lightning Talk: Do (Not) Trust Your Translator - Marcelina Haftka,MGzA0-02-Go,lightning-talk-do-not-trust-your-translator-marcelina-haftka
Lightning Talk: Documenting a Czech Obsession - Nora Kořánová,AMkSSIvyu3s,lightning-talk-documenting-a-czech-obsession-nora-ko-nov
Lightning Talk: Fork Of The Repo - Write the Lyrics,3U48bgbccj0,lightning-talk-fork-of-the-repo-write-the-lyrics
Choosing a tool... and choosing your moment - Val Grimm,vbbHekptzjw,choosing-a-tool-and-choosing-your-moment-val-grimm
How to tear down existing documentation and rewrite docs that actually work - Alexandra White,u119GkGSYII,how-to-tear-down-existing-documentation-and-rewrite-docs-that-actually-work-alexandra-white
"""It's a Feature"" - Documenting Known Issues and Product Shortcomings - Ivana Devcic",r-6FycuppXg,it-s-a-feature-documenting-known-issues-and-product-shortcomings-ivana-devcic
Introduction to Write the Docs Prague 2018,oXmrFoEEf3A,introduction-to-write-the-docs-prague-2018
Run your documentation - Predrag Mandic,oW7rWJ2xNZU,run-your-documentation-predrag-mandic
Don't Say Simply - Jim Fisher,gsT2BBWBVmM,don-t-say-simply-jim-fisher
Lightning Talk: Searchable Documentation - Domen Kožar,TLbvrm2mM38,lightning-talk-searchable-documentation-domen-ko-ar
A11y-Friendly Documentation - Carolyn Stransky,SLUJG625Si0,a11y-friendly-documentation-carolyn-stransky
Document What Matters: Lean Best Practice for Process Documentation - Gillian von Runte,RpEb8XLH-1A,document-what-matters-lean-best-practice-for-process-documentation-gillian-von-runte
A Year in the Life of The Better Docs Project - Rowan Cota,P3NL-Mms4-M,a-year-in-the-life-of-the-better-docs-project-rowan-cota
Lightning Talk: Toastmasters - Tony Ibbs,MxrG1X0EpfI,lightning-talk-toastmasters-tony-ibbs
Learning to love release notes - Anne Edwards,L3yAD319DiU,learning-to-love-release-notes-anne-edwards
Lightning Talk: Zombie Branding - Kristy James,FyhPD5q-Ns8,lightning-talk-zombie-branding-kristy-james
Measuring the impact of your documentation - Liam Keegan,48Ga-0_39-o,measuring-the-impact-of-your-documentation-liam-keegan
Teaching geeks to fish: tales of a contagious documentarian. - Abigail Sutherland,3IlcJYKdP1g,teaching-geeks-to-fish-tales-of-a-contagious-documentarian-abigail-sutherland
Not the Docs - Havi Hoffman - Write the Docs Portland 2018,GMEZv_KSsJE,not-the-docs-havi-hoffman-write-the-docs-portland-2018
How to Read Musical Time Signatures - Kenzie Woodbridge - Write the Docs Lightning Talk,EL7lfDy6sRA,how-to-read-musical-time-signatures-kenzie-woodbridge-write-the-docs-lightning-talk
Graphic Content Warning - Steve Stegelin - Write the Docs Portland 2018,a6iAmLul4Gg,graphic-content-warning-steve-stegelin-write-the-docs-portland-2018
The Facts about FAQs - Ashleigh Rentz - Write the Docs Portland 2018,8_fHC0OUkmc,the-facts-about-faqs-ashleigh-rentz-write-the-docs-portland-2018
Writing the Next Great Tech Book - Brian MacDonald - Write the Docs Portland 2018,MKSXXKIe05o,writing-the-next-great-tech-book-brian-macdonald-write-the-docs-portland-2018
Who Writes the Docs? - Beth Aitman - Write the Docs Portland 2018,eOC6rsizIvM,who-writes-the-docs-beth-aitman-write-the-docs-portland-2018
Rewrite the Docs! - Camille Acey - Write the Docs Portland 2018,5WOM1ntJPFw,rewrite-the-docs-camille-acey-write-the-docs-portland-2018
The Sticker Talk - Heidi Waterhouse - Write the Docs Portland 2018 Lightning Talk,Nmcasxb6naU,the-sticker-talk-heidi-waterhouse-write-the-docs-portland-2018-lightning-talk
Functional Documentation Testing - Troy Howard - Write the Docs Portland 2018 Lightning Talk,RWLySQu3XQM,functional-documentation-testing-troy-howard-write-the-docs-portland-2018-lightning-talk
Lessons from My Career as an Educator - John Katora - Write the Docs Portland 2018 Lightning Talk,K6sQ1zoL4AM,lessons-from-my-career-as-an-educator-john-katora-write-the-docs-portland-2018-lightning-talk
Chopping up HTML - Wendy Shaffer - Write the Docs Portland 2018 Lightning Talk,fOA-ppXBlSs,chopping-up-html-wendy-shaffer-write-the-docs-portland-2018-lightning-talk
Document Yourself - Erin Grace - Write the Docs Portland 2018,3cXpf0Okmi8,document-yourself-erin-grace-write-the-docs-portland-2018
Research Like You're Wrong - Jen Lambourne - Write the Docs Portland 2018,aCNbVf9Id5Y,research-like-you-re-wrong-jen-lambourne-write-the-docs-portland-2018
Building Empathy-Driven Developer Documentation - Kat King - Write the Docs Portland 2018,_HCmFvxxKaQ,building-empathy-driven-developer-documentation-kat-king-write-the-docs-portland-2018
"Audience, Market, Product - Bob Watson - Write the Docs Portland 2018",ax_6cS3JHvY,audience-market-product-bob-watson-write-the-docs-portland-2018
What Writing Dictionaries Taught Me about Writing Documentation - Erin McKean,O_xaiot6N7U,what-writing-dictionaries-taught-me-about-writing-documentation-erin-mckean
Everything you wanted to know about Toastmasters - Tana Franko - Write the Docs,IahaXc6G0os,everything-you-wanted-to-know-about-toastmasters-tana-franko-write-the-docs
Choosing or Building a Doc Platform - Brian Dominick - Write the Docs Portland 2018 Lightning Talk,z_o2ZomwKS0,choosing-or-building-a-doc-platform-brian-dominick-write-the-docs-portland-2018-lightning-talk
Virtue Based Accessibility - Eric Nambs - Write the Docs Portland 2018 Lightning Talk,zFaRfv8pmbk,virtue-based-accessibility-eric-nambs-write-the-docs-portland-2018-lightning-talk
Controlled Vocabulary - Kristin McKee - Write the Docs Portland 2018 Lightning Talk,HnV4-PGKM4I,controlled-vocabulary-kristin-mckee-write-the-docs-portland-2018-lightning-talk
Documentarians and Imposter Syndrome - Mo Nishiyama - Write the Docs Portland 2018 Lightning Talk,A18ZP_2vt1Q,documentarians-and-imposter-syndrome-mo-nishiyama-write-the-docs-portland-2018-lightning-talk
Improving Response Rates - Kayce Basque - Write the Docs Portland 2018 Lightning Talk,d_ZXFqG39hc,improving-response-rates-kayce-basque-write-the-docs-portland-2018-lightning-talk
It's Okay to Say No - Ben Fisher - Write the Docs Portland 2018 Lightning Talk,GYB6mWTihPI,it-s-okay-to-say-no-ben-fisher-write-the-docs-portland-2018-lightning-talk
Mutual Mentorship in a Rapidly Changing World - Ashley Newton - Write the Docs,PegsEm-Q5e4,mutual-mentorship-in-a-rapidly-changing-world-ashley-newton-write-the-docs
What They Don't Tell You About Creating New Style Guides - Thursday Bram - Write the Docs Portland,O1ZnCA-hZxQ,what-they-don-t-tell-you-about-creating-new-style-guides-thursday-bram-write-the-docs-portland
7 Essential Tips for the Enlightened Tech Writer - Ted Hudek - Write the Docs Portland 2018,-lHKnF2EPd8,7-essential-tips-for-the-enlightened-tech-writer-ted-hudek-write-the-docs-portland-2018
Starting from Scratch: Finding and Hiring Junior Writers - Sarah Day - Write the Docs Portland 2018,GiHZY8P4kpA,starting-from-scratch-finding-and-hiring-junior-writers-sarah-day-write-the-docs-portland-2018
Making Your Code Examples Shine - Larry Ullman - Write the Docs Portland 2018,td15D2BLa4c,making-your-code-examples-shine-larry-ullman-write-the-docs-portland-2018
The art and practice of documentation triage - Neal Kaplan - Write the Docs Portland 2018,2EzIe-3LBwQ,the-art-and-practice-of-documentation-triage-neal-kaplan-write-the-docs-portland-2018
Write the Docs Prague 2017: Documenting your software’s last days by Daniel D. Beck,XWNw3TgbGLg,write-the-docs-prague-2017-documenting-your-software-s-last-days-by-daniel-d-beck
Write the Docs Prague 2017: Lightning Talks Day 1,NDOJnMsELJU,write-the-docs-prague-2017-lightning-talks-day-1
Write the Docs Prague 2017: Design critique guidelines make feedback easier by Christy Lutz,DOuRgFP4NMQ,write-the-docs-prague-2017-design-critique-guidelines-make-feedback-easier-by-christy-lutz
Write the Docs Prague 2017: A content manager's guide to crowdsourcing the docs by Becky Todd,BnWmPulCNhA,write-the-docs-prague-2017-a-content-manager-s-guide-to-crowdsourcing-the-docs-by-becky-todd
Write the Docs Prague 2017: Microaggressions & Inclusive Language by Cory Williamson-Cardneau,lXXuQQ9xtPc,write-the-docs-prague-2017-microaggressions-inclusive-language-by-cory-williamson-cardneau
Write the Docs Prague 2017: Main Takeaways After One Year in Documentation by Meike Chabowski,y4UyU4XIn5c,write-the-docs-prague-2017-main-takeaways-after-one-year-in-documentation-by-meike-chabowski
Write the Docs Prague 2017: What nobody tells you about documentation by Daniele Procida,p0PPtdRHG6M,write-the-docs-prague-2017-what-nobody-tells-you-about-documentation-by-daniele-procida
"Write the Docs Prague 2017: Aw Snap! The Docs, They Are A-Changin’ by Kate Wilcox",DYgw6xcpDmE,write-the-docs-prague-2017-aw-snap-the-docs-they-are-a-changin-by-kate-wilcox
"Write the Docs Prague 2017: Writing great ""getting started"" documentation by Tim Rogers",wqC88GNujWQ,write-the-docs-prague-2017-writing-great-getting-started-documentation-by-tim-rogers
Write the Docs Prague 2017: Documentation beyond words by Chris Ward,lTYvWjS1nHw,write-the-docs-prague-2017-documentation-beyond-words-by-chris-ward
Write the Docs Prague 2017: Even Naming This Talk Is Hard by Ruthie BenDor,JuI6NUbEzDw,write-the-docs-prague-2017-even-naming-this-talk-is-hard-by-ruthie-bendor
Write the Docs Prague 2017: Trustworthy and Sensible API Docs with GraphQL by Garen Torikian,aJk99MSVj0Y,write-the-docs-prague-2017-trustworthy-and-sensible-api-docs-with-graphql-by-garen-torikian
Write the Docs Prague 2017: Telling a Great Story on GitHub by Lauri Apple,9fq3-U9PKAA,write-the-docs-prague-2017-telling-a-great-story-on-github-by-lauri-apple
Write the Docs Prague 2017: Requirements that you didn't know were there by Lesia Zasadna,3oklMXaGA3Y,write-the-docs-prague-2017-requirements-that-you-didn-t-know-were-there-by-lesia-zasadna
Write the Docs Prague 2017: Writing a book in 2017 by Thomas Parisot,p2eAXLR3OOk,write-the-docs-prague-2017-writing-a-book-in-2017-by-thomas-parisot
Write the Docs Prague 2017: Lightning Talks Day 2,15XyK-4wrXs,write-the-docs-prague-2017-lightning-talks-day-2
"Write the Docs Prague 2017: Hi, my name is README! by Raphael Pierzina",0z0jquYos90,write-the-docs-prague-2017-hi-my-name-is-readme-by-raphael-pierzina
Write the Docs Prague 2017: Tech Writers Without Borders by Stuart Culshaw,MgS1WuOcK4o,write-the-docs-prague-2017-tech-writers-without-borders-by-stuart-culshaw
Write the Docs Portland 2017: Intelligent Documents and the Verifiability Crisis in Science,kOzQPpc-KDo,write-the-docs-portland-2017-intelligent-documents-and-the-verifiability-crisis-in-science
Write the Docs Portland 2017: Lightning Talks Part 3 by Various Speakers,lwketc25Twk,write-the-docs-portland-2017-lightning-talks-part-3-by-various-speakers
Write the Docs Portland 2017: Lightning Talks Part 2 by Various Speakers,W25pY7SIFw4,write-the-docs-portland-2017-lightning-talks-part-2-by-various-speakers
Write the Docs Portland 2017: Lightning Talks Part 1 by Various Speakers,VnRLs_aTv9A,write-the-docs-portland-2017-lightning-talks-part-1-by-various-speakers
Write the Docs Portland 2017: Bootstrapping Docs at a Startup by Jesse Seldess,YLXNJXQyYoE,write-the-docs-portland-2017-bootstrapping-docs-at-a-startup-by-jesse-seldess
"Write the Docs Portland 2017: Start with the tasks, not the endpoints by Sarah Hersh",R8yjmtIWEKQ,write-the-docs-portland-2017-start-with-the-tasks-not-the-endpoints-by-sarah-hersh
Write the Docs Portland 2017: The Wisdom of Crowds... by Ingrid Towey,s3Em8QSXyn8,write-the-docs-portland-2017-the-wisdom-of-crowds-by-ingrid-towey
Write the Docs Portland 2017: Interviewing and hiring technical writers... by Sam Faktorovich,tcjLbCLcPTo,write-the-docs-portland-2017-interviewing-and-hiring-technical-writers-by-sam-faktorovich
Write the Docs Portland 2017: Treating Documentation like Code: a Practical Account by Jodie Putrino,Mzu-c-FoOdw,write-the-docs-portland-2017-treating-documentation-like-code-a-practical-account-by-jodie-putrino
Write the Docs Portland 2017: Everyone's a player (in a mid-90s MUD) by Kenzie Woodbridge,BiYSJ5dkoM0,write-the-docs-portland-2017-everyone-s-a-player-in-a-mid-90s-mud-by-kenzie-woodbridge
Write the Docs Portland 2017: Only Interesting Conversations... by Matthew Buttler,qXrX6hZO6V0,write-the-docs-portland-2017-only-interesting-conversations-by-matthew-buttler
Write the Docs Portland 2017: Even Naming This Talk Is Hard by Ruthie BenDor,RFfpkrbkvxc,write-the-docs-portland-2017-even-naming-this-talk-is-hard-by-ruthie-bendor
Write the Docs Portland 2017: Do you Know a Runbook From a Flip Book?... by Andrea Longo,QDxoqWpyzo8,write-the-docs-portland-2017-do-you-know-a-runbook-from-a-flip-book-by-andrea-longo
Write the Docs Portland 2017: Testing: it's not just for code anymore by Lyzi Diamond,e1_MMEr4kNU,write-the-docs-portland-2017-testing-it-s-not-just-for-code-anymore-by-lyzi-diamond
Write the Docs Portland 2017: No Community Members Were Harmed... by Lindsay Muscato & Ryan Pitts,08l9FGJOz5E,write-the-docs-portland-2017-no-community-members-were-harmed-by-lindsay-muscato-ryan-pitts
Write the Docs Portland 2017: You have Already Succeeded... by Christy Lutz,E_GyqG3Gd38,write-the-docs-portland-2017-you-have-already-succeeded-by-christy-lutz
Write the Docs Portland 2017: Caring Systems: Documentation as care by Amelia Abreu,quC7mJn8B_U,write-the-docs-portland-2017-caring-systems-documentation-as-care-by-amelia-abreu
Write the Docs Portland 2017: Building navigation for your doc site: 5 best practices by Tom Johnson,w-kEmsLwPDE,write-the-docs-portland-2017-building-navigation-for-your-doc-site-5-best-practices-by-tom-johnson
"Write the Docs Portland 2017: Error Messages: Being Humble, Human, and Helpful... by Kate Voss",gBBZUATL7Qo,write-the-docs-portland-2017-error-messages-being-humble-human-and-helpful-by-kate-voss
Write the Docs Portland  2017: Introduction & State of the Docs by Eric Holscher,2LTsqJdUKiI,write-the-docs-portland-2017-introduction-state-of-the-docs-by-eric-holscher
[SPONSORED] Algolia - Community  Docsearch,DQ_h21CQg7A,sponsored-algolia-community-docsearch
Day 1 Lightning Talks,3aXohAgX9N8,day-1-lightning-talks
Rachel Whitton - Delivering High-Velocity Docs that Keep Pace with Rapid Release Cycles,dHdBsNxtKeI,rachel-whitton-delivering-high-velocity-docs-that-keep-pace-with-rapid-release-cycles
Thursday Bram - What Writing Fiction Teaches You About Writing Documentation,HaWWcJp2yo4,thursday-bram-what-writing-fiction-teaches-you-about-writing-documentation
Daniel Beck - Checklist the Docs,mltBPPGsuTg,daniel-beck-checklist-the-docs
Riona MacNamara - As Good As It Gets: Why Better Trumps Best,NyFNrInlADs,riona-macnamara-as-good-as-it-gets-why-better-trumps-best
Day 2 Lightning Talks,vhaQjJcfq5M,day-2-lightning-talks
Chris Ward - Beyond Software - Learning from Other Technical Writers,pfLw8WmQ3nM,chris-ward-beyond-software-learning-from-other-technical-writers
David Oliver - Documentoring: Growing a “Love The Docs” community,5LRagMvlEuk,david-oliver-documentoring-growing-a-love-the-docs-community
"Rory Tanner - Information micro-architecture: grammar, syntax, and cognitive rhetoric",GuAECnt4eJI,rory-tanner-information-micro-architecture-grammar-syntax-and-cognitive-rhetoric
Swapnil Ogale - When bad screenshots happen to good writers,SU2mRSaa1yQ,swapnil-ogale-when-bad-screenshots-happen-to-good-writers
Sarah Karp - Watch that tone! Creating an information experience in the Atlassian voice,MeyKS4LwTds,sarah-karp-watch-that-tone-creating-an-information-experience-in-the-atlassian-voice
joan wendt - Operations Technical Writing for Data Centers,4AwmQmWK7Ys,joan-wendt-operations-technical-writing-for-data-centers
István Zoltán Szabó - Writing as a non-native speaker,KWqhW4Guo5k,istv-n-zolt-n-szab-writing-as-a-non-native-speaker
Paul Adams - Postulating The Backlog Laxative,MD-RwSw-NGA,paul-adams-postulating-the-backlog-laxative
Sarah Chambers - Documentarians and Support: Work Better Together,qBpwoQftxcA,sarah-chambers-documentarians-and-support-work-better-together
Michael Meng - API documentation: Exploring the information needs of software developers,soQSOBwiXdA,michael-meng-api-documentation-exploring-the-information-needs-of-software-developers
Jan Christian Krause - Using meaningful names to improve API-documentation,YOBVWfmRHzc,jan-christian-krause-using-meaningful-names-to-improve-api-documentation
Kata Nagygyörgy - Poll the Docs,nXEpyO6tNX8,kata-nagygy-rgy-poll-the-docs
"Margaret Eker, Jennifer Rondeau - Docs as Code: The Missing Manual",JvRd7MmAxPw,margaret-eker-jennifer-rondeau-docs-as-code-the-missing-manual
"Chris Mills - Feedback handling, community wrangling, panhandling",VabBD1MWdE8,chris-mills-feedback-handling-community-wrangling-panhandling
Anna Jaruga - The quest for scientific credit for software documentation,Qg7lOWyT2mo,anna-jaruga-the-quest-for-scientific-credit-for-software-documentation
Beth Aitman - Before the Docs: Writing for User Interfaces,LemM9PHDX6w,beth-aitman-before-the-docs-writing-for-user-interfaces
Chris Ward - Documenting your Story: Crafting a good presentation,2JacBpYizRw,chris-ward-documenting-your-story-crafting-a-good-presentation
Florian Scholz & Jean-Yves Perrier - Gardening Open Docs,q9_hG-Uu80I,florian-scholz-jean-yves-perrier-gardening-open-docs
Adam Dangoor - Tested & Correct: How to Make Sure Your Documentation Keeps Working,PoVwyPipHzc,adam-dangoor-tested-correct-how-to-make-sure-your-documentation-keeps-working
Elijah Caine - How to Write an Email,Ja-4t8Ufv6Y,elijah-caine-how-to-write-an-email
Paul Adams - Judas Priest Ate my Scrum Master,35AzPlwAhNg,paul-adams-judas-priest-ate-my-scrum-master
Diana Potter - Screencasting 101,vz5HYGqFIOM,diana-potter-screencasting-101
Sonja Heinen - Visual Documentation Language,njXdQmcSX-k,sonja-heinen-visual-documentation-language
Jamie Hannaford - Generating docs from APIs,iCQkhSXGfOU,jamie-hannaford-generating-docs-from-apis
Zdenek Nemec - Writing for what Matters,bKOnRVb_0TE,zdenek-nemec-writing-for-what-matters
Jennifer Rondeau - Back to the Future: What Can Documentarians Learn From The Past?,_SW84nNlgmo,jennifer-rondeau-back-to-the-future-what-can-documentarians-learn-from-the-past
Christina Elmore - All roads might not lead to docs,NKYSdEasJ-8,christina-elmore-all-roads-might-not-lead-to-docs
Riona MacNamara - Imposter No More...,pg_Y9hUt2dg,riona-macnamara-imposter-no-more
Lightning Talks - Day Two,g6hQdc9GOlQ,lightning-talks-day-two
Paul Roeland - MacGyvering your Docs,Y2QxSTJ1jVs,paul-roeland-macgyvering-your-docs
Lightning Talks - Day One,RGl6bu0_NFc,lightning-talks-day-one
Radina Matic - Inclusive Tech Docs: TechComm Meets Accessibility,RcjpBNIKlf8,radina-matic-inclusive-tech-docs-techcomm-meets-accessibility
"Patrick Keegan - Free Your Mind, and Your Docs Will Follow",H_kC8_hfpe8,patrick-keegan-free-your-mind-and-your-docs-will-follow
Emilie Boillat - Whatchamacallit: Controlled Vocabularies for Technical Writers,0kg-6YCDg64,emilie-boillat-whatchamacallit-controlled-vocabularies-for-technical-writers
Swizec Teller - What I learned writing a lousy tech book,w1L2SgQuv6Q,swizec-teller-what-i-learned-writing-a-lousy-tech-book
Idan Gazit - Advanced Web Typography,pQ1vx8DlLag,idan-gazit-advanced-web-typography
Shwetank Dixit - Challenges and approaches taken with the Opera Extension Docs,h-62sXFvs44,shwetank-dixit-challenges-and-approaches-taken-with-the-opera-extension-docs
Lightning talks - Day 2,fqJ2_5dDCMA,lightning-talks-day-2
Markus Zapke-Gründemann - Writing multi-language documentation using Sphinx,53iJTYLji0I,markus-zapke-gr-ndemann-writing-multi-language-documentation-using-sphinx
Thomas Parisot - README Driven Development,2ZhLaahzrOQ,thomas-parisot-readme-driven-development
Kristof Van Tomme - Keeping trust: Testing documentation as part of a continuous integration process,2TuATCZE3Ok,kristof-van-tomme-keeping-trust-testing-documentation-as-part-of-a-continuous-integration-process
Mikey Ariel - Your Personal Tech-Writing Agile Manifesto (or: Scrum is not a 4-character word),yooC1DL2bnA,mikey-ariel-your-personal-tech-writing-agile-manifesto-or-scrum-is-not-a-4-character-word
Lightning talks - Day 1,wm7tKhnXXVY,lightning-talks-day-1
Robert Lehmann - Self-Directed Learning Material,pVRVN5nBdcg,robert-lehmann-self-directed-learning-material
Jessica Rose - Tone in Documentation,hmyTYDvOXsk,jessica-rose-tone-in-documentation
David Hooker - What I have taught developers about writing,SFn2XNbv4QA,david-hooker-what-i-have-taught-developers-about-writing
Elizabeth Urello - Blogging as Non-Traditional Support Documentation,QTTA9wq1qls,elizabeth-urello-blogging-as-non-traditional-support-documentation
Kelly O’Brien - Engage or Die: Four Techniques for Writing Indispensible Docs,IMdyx4YJ0hQ,kelly-o-brien-engage-or-die-four-techniques-for-writing-indispensible-docs
Tom Christie - Designing MkDocs,aOtnoBphzJ4,tom-christie-designing-mkdocs
Sebastien Goasguen - Going from Publican to Read the Docs,UHsIhWI4hgE,sebastien-goasguen-going-from-publican-to-read-the-docs
Christine Burwinkle - Pairing with designers to create a seamless user experience,0rrO0auyslo,christine-burwinkle-pairing-with-designers-to-create-a-seamless-user-experience
Jannis Leidel - Search and find. How we made MDN discoverable,02DYqMD1ihs,jannis-leidel-search-and-find-how-we-made-mdn-discoverable
Fintan Bolton - The community wrote my docs!,-9nvoni6xBk,fintan-bolton-the-community-wrote-my-docs
