8:00-8:50, *Registration*
8:50-9:00, *Intro*
:ref:`9:00-9:40 <kenneth-reitz>`,Kenneth Reitz - Documentation is King
:ref:`9:40-10:20 <michael-verdi>`,Michael Verdi - How Mozilla supports users all over the world
10:20-10:40, *Coffee*
:ref:`10:40-11:00 <erin-robbins-obrien>`,Erin Robbins O’Brien - Beautiful Documents - A Language Love Story
:ref:`11:00-11:40 <matthew-butterick>`,Matthew Butterick - Typography for Docs
:ref:`11:40-12:00 <sarah-grant>`,Sarah Grant - Evolution of the English Language from Text to Texting
12:00-1:00, *Lunch*
:ref:`1:00-1:20 <jennifer-hodgdon>`,Jennifer Hodgdon - Motivating developers to write API documentation
:ref:`1:20-2:00 <leah-cutter>`,Leah Cutter - Generating a Culture of Doc
:ref:`2:00-2:40 <kevin-hale>`,Kevin Hale - Getting Developers and Engineers to Write the Docs
:ref:`2:40-3:00 <nisha-george>`,Nisha George & Elaine Tsai - Translating Customer Interactions to Documentation
:ref:`3:00-3:20 <teresa-talbot>`,Teresa Talbot - Technically Communicating Internationally
3:20-3:40, *Snack*
:ref:`3:40-4:00 <daniel-lindsley>`,Daniel Lindsley - The Unenviable Tutorial
:ref:`4:00-4:20 <brandon-philips>`,Brandon Philips - Single Page Docs: Stop the Click Insanity
:ref:`4:20-4:40 <andrew-kuchling>`,Andrew Kuchling - Why Projects Should Have “What’s New” Documents
:ref:`4:40-5:20 <marcia-riefer-johnston>`,Marcia Riefer Johnston - Write Tight(er)
5:20-6:00, *Lightning Talks*
6:00-, *Announcements*

